Count,DomainWithErrNoAnswer
1,"tianya.cn"
1,"miitbeian.gov.cn"
1,"miibeian.gov.cn"
1,"adsymptotic.com"
1,"sq.cn"
1,"ai.marketing"
1,"ssa.gov"
1,"dedecms.com"
1,"000webhostapp.com"
1,"morningpost.com.cn"
1,"patria.org.ve"
1,"eee114.com"
1,"home77.com"
1,"xabbs.com"
1,"phicdn.net"
1,"storify.com"
1,"yaolan.com"
1,"videocampaign.co"
1,"ezinearticles.com"
1,"metacafe.com"
1,"javatpoint.com"
1,"netdna-cdn.com"
1,"blogtalkradio.com"
1,"bnmla.com"
1,"gittigidiyor.com"
1,"illinois.gov"
1,"bzw315.com"
1,"vaghtesobh.com"
1,"9978.cn"
1,"3dmgame.com"
1,"bankmellat.ir"
1,"megaupload.com"
1,"zimbio.com"
1,"ccb.com"
1,"onmarshtompor.com"
1,"lamabang.com"
1,"absher.sa"
1,"wholeactualnewz.com"
1,"320ytmp3.com"
1,"dv37.com"
1,"wayne.edu"
1,"edgecastdns.net"
1,"mojifen.com"
1,"jiemian.com"
1,"66cruises.com"
1,"dramacool.sk"
1,"google.com.cu"
1,"bbwhf.com"
1,"9876ydd.com"
1,"cyberpolice.cn"
1,"dytt8.net"
1,"mohurd.gov.cn"
1,"wanelo.co"
1,"atemda.com"
1,"gg.gg"
1,"8m.com"
1,"freeserve.co.uk"
1,"geogslb.com"
1,"desdev.cn"
1,"sharedid.org"
1,"mpnrc.org"
1,"mca.gov.cn"
1,"ename.com"
1,"businessdictionary.com"
1,"fanlink.to"
1,"igram.io"
1,"makemoneywithurl.com"
1,"cash-central.net"
1,"22.cn"
1,"fritz.box"
1,"ename.net"
1,"larivieracasino.online"
1,"synology.me"
1,"ixiaa.com"
1,"zhuwang.cc"
1,"dca0.com"
1,"ijie.com"
1,"siterubix.com"
1,"51ade.com"
