Count,DomainWithErrNoQueryname
1,"cnbeta.com"
1,"fadverdirect.com"
1,"polyfill.io"
1,"51auto.com"
1,"tinyurl.is"
1,"postimg.org"
1,"lieyunwang.com"
1,"lukomol.com"
1,"europa.eu.int"
1,"download-step1.com"
1,"allactualjournal.com"
1,"fanlibang.com"
1,"sunsu521.com"
1,"iasds01.com"
1,"concealedtripssurgical.com"
1,"gsxt.gov.cn"
1,"obsessionthree.com"
1,"specialtywoollenactively.com"
1,"saic.gov.cn"
1,"tamildhool.net"
1,"viiert.com"
1,"omitneitherrover.com"
1,"tragedyadvertisecosmetic.com"
1,"envelopeheadache.com"
1,"exposurenotification.health"
1,"premiumbros.com"
1,"pendulumtemporary.com"
1,"cleantalkorg2.ru"
1,"harolddebris.com"
1,"ruvr.ru"
1,"csrc.gov.cn"
1,"summerhamster.com"
1,"movementsspentlist.com"
1,"sipo.gov.cn"
1,"luckywinner-web1.com"
1,"limevisitedinaugurate.com"
