{"ERROR_DNS_NO_A_RECORD_len": 0, "ERROR_DNS_SERVFAIL_len": 0, "ERROR_DNS_TIMEOUT_len": 0, "ERROR_DNS_NOT_EXIST_len": 0, "ERROR_SERVER_NO_FP_len": 10, "ERROR_SERVER_SERVFAIL_len": 1, "ERROR_SERVER_NXDOMAIN_len": 0, "ERROR_SERVER_WRONGRESPONSE_len": 0, "DNSSEC_YES_len": 0, "DNSSEC_NO_len": 0, "ERROR_DNS_NO_A_RECORD": [], "ERROR_DNS_SERVFAIL": [], "ERROR_DNS_TIMEOUT": [], "ERROR_DNS_NOT_EXIST": [], "ERROR_SERVER_NO_FP": ["1757798876,gnu.org", "1757799050,sourceware.org", "1757799092,eu.org", "1757799175,fsf.org", "1757799210,ptt.cc", "1757799210,ptt.cc", "1757799210,ptt.cc", "1757799210,ptt.cc", "1757799210,ptt.cc", "1757799210,ptt.cc"], "ERROR_SERVER_SERVFAIL": ["1757799092,eu.org"], "ERROR_SERVER_NXDOMAIN": [], "ERROR_SERVER_WRONGRESPONSE": [], "DNSSEC_YES": [], "DNSSEC_NO": [], "BOTH_SSHFP_DATA": []}